letter,frequency
A,0.08167
B,0.01492
C,0.02782
D,0.04253
E,0.12702
